liam_0001|एक आदमी अचानक रेत में पैर फिसलने से|एक आदमी अचानक रेत में पैर फिसलने से
liam_0002|गिर पड़ा। यह रेगिस्तान में उसका पांचवां|गिर पड़ा। यह रेगिस्तान में उसका पांचवां
liam_0003|दिन था। उसके पास जो|दिन था। उसके पास जो
liam_0004|पानी था, वह बहुत पहले ही|पानी था, वह बहुत पहले ही
liam_0005|खत्म हो चुका था। भूख और प्यास से बेहाल वह आदमी अचानक जमीन पर एक पौधा|खत्म हो चुका था। भूख और प्यास से बेहाल वह आदमी अचानक जमीन पर एक पौधा
liam_0006|देखता है। उम्मीद से भरा वह तुरंत घास पकड़कर उसे उखाड़|देखता है। उम्मीद से भरा वह तुरंत घास पकड़कर उसे उखाड़
liam_0007|लेता है, लेकिन उसे एहसास होता है कि उसमें बिल्कुल भी|लेता है, लेकिन उसे एहसास होता है कि उसमें बिल्कुल भी
liam_0008|नमी नहीं है। फिर वह पास की एक|नमी नहीं है। फिर वह पास की एक
liam_0009|सूखी टहनी भी तोड़ता है, पर|सूखी टहनी भी तोड़ता है, पर
liam_0010|उसमें से भी पानी नहीं निकलता। जब ड्वाइट लगभग|उसमें से भी पानी नहीं निकलता। जब ड्वाइट लगभग
liam_0011|उम्मीद छोड़ने वाला होता है, तभी उसे सामने एक रेगिस्तानी|उम्मीद छोड़ने वाला होता है, तभी उसे सामने एक रेगिस्तानी
liam_0012|कछुआ दिखता है। उसे देखकर उसकी खुशी का ठिकाना|कछुआ दिखता है। उसे देखकर उसकी खुशी का ठिकाना
liam_0013|नहीं रहता। वह कछुए को उठाकर अपने सीने से चिपका|नहीं रहता। वह कछुए को उठाकर अपने सीने से चिपका
liam_0014|लेता है। मानो यही उसकी जिंदगी की आखिरी उम्मीद|लेता है। मानो यही उसकी जिंदगी की आखिरी उम्मीद
liam_0015|हो। लेकिन कछुआ होने से भी उसकी सबसे बड़ी परेशानी, पानी का हल नहीं निकलता। मजबूर होकर वह|हो। लेकिन कछुआ होने से भी उसकी सबसे बड़ी परेशानी, पानी का हल नहीं निकलता। मजबूर होकर वह
liam_0016|एक सरकंडे जैसी नली जमीन में गाड़ देता है और उसमें से पानी चूसने लगता है। तभी अचानक उसकी|एक सरकंडे जैसी नली जमीन में गाड़ देता है और उसमें से पानी चूसने लगता है। तभी अचानक उसकी
liam_0017|नजर सामने कुछ अजीब चीज पर जाती है। एक जंगली गधा उसे सीधे|नजर सामने कुछ अजीब चीज पर जाती है। एक जंगली गधा उसे सीधे
liam_0018|घूर रहा होता है। ड्वाइट को फिर उम्मीद की किरण|घूर रहा होता है। ड्वाइट को फिर उम्मीद की किरण
liam_0019|नजर आती है। वह अपनी थकी हुई हालत|नजर आती है। वह अपनी थकी हुई हालत
liam_0020|में भी किसी तरह उस गधे के पास पहुंचता है और बार बार उससे बात करता है। जैसे वह उसका पुराना साथी हो। फिर उसे गले लगा लेता|में भी किसी तरह उस गधे के पास पहुंचता है और बार बार उससे बात करता है। जैसे वह उसका पुराना साथी हो। फिर उसे गले लगा लेता
liam_0021|है और उसकी पीठ पर लेट जाता है। गधा उसे रेगिस्तान|है और उसकी पीठ पर लेट जाता है। गधा उसे रेगिस्तान
liam_0022|में धीरे धीरे ढोता है। पता नहीं कितनी देर बाद|में धीरे धीरे ढोता है। पता नहीं कितनी देर बाद
liam_0023|ड्वाइट गधे की पीठ से गिर जाता है। अब तो वह पूरी|ड्वाइट गधे की पीठ से गिर जाता है। अब तो वह पूरी
liam_0024|तरह थक चुका था। उसके होश भी|तरह थक चुका था। उसके होश भी
liam_0025|जाते रहे। वह बस रेत|जाते रहे। वह बस रेत
liam_0026|पर लेट गया। जैसे अब सब खत्म हो चुका हो। तभी अचानक|पर लेट गया। जैसे अब सब खत्म हो चुका हो। तभी अचानक
liam_0027|उसे पानी की हल्की हल्की आवाज सुनाई देती है। वह किसी|उसे पानी की हल्की हल्की आवाज सुनाई देती है। वह किसी
liam_0028|तरह एक रेत के टीले पर चढ़ता है|तरह एक रेत के टीले पर चढ़ता है
liam_0029|और जो देखता है उसे देखकर उसकी आंखों में खुशी के आंसू आ जाते हैं।|और जो देखता है उसे देखकर उसकी आंखों में खुशी के आंसू आ जाते हैं।
liam_0030|सामने समुद्र था। वह|सामने समुद्र था। वह
liam_0031|लड़खड़ाते कदमों से आगे बढ़ता है और|लड़खड़ाते कदमों से आगे बढ़ता है और
liam_0032|समुद्र के पानी से अपना सूखा शरीर तर करता है। उसी वक्त|समुद्र के पानी से अपना सूखा शरीर तर करता है। उसी वक्त
liam_0033|एक गाड़ी वहां आ पहुंचती है। ड्वाइट|एक गाड़ी वहां आ पहुंचती है। ड्वाइट
liam_0034|को लगा कि अब उसकी जान बच|को लगा कि अब उसकी जान बच
liam_0035|गई, लेकिन तीन सैनिक उसे पकड़ लेते|गई, लेकिन तीन सैनिक उसे पकड़ लेते
liam_0036|हैं और बिना कुछ पूछे उसे एक जोरदार थप्पड़|हैं और बिना कुछ पूछे उसे एक जोरदार थप्पड़
liam_0037|मारते हैं। असल में उन्हें शक था कि ड्वाइट कोई जासूस|मारते हैं। असल में उन्हें शक था कि ड्वाइट कोई जासूस
liam_0038|है। ड्वाइट उन्हें बार बार समझाता है कि कैसे वह रेगिस्तान पार कर यहां पहुंचा और कैसे उसके पांच साथी अभी भी रेत से घिरे पहाड़ों में फंसे हुए|है। ड्वाइट उन्हें बार बार समझाता है कि कैसे वह रेगिस्तान पार कर यहां पहुंचा और कैसे उसके पांच साथी अभी भी रेत से घिरे पहाड़ों में फंसे हुए
liam_0039|हैं। वह उनसे मदद की भीख|हैं। वह उनसे मदद की भीख
liam_0040|मांगता है, लेकिन सैनिक उसकी एक बात पर भी विश्वास नहीं|मांगता है, लेकिन सैनिक उसकी एक बात पर भी विश्वास नहीं
liam_0041|करते। उल्टा सोचते हैं कि यह सब ड्वाइट की बनाई हुई कहानी है ताकि वह सजा से|करते। उल्टा सोचते हैं कि यह सब ड्वाइट की बनाई हुई कहानी है ताकि वह सजा से
liam_0042|बच सके। एक सैनिक तो उसे जमीन पर पटक भी|बच सके। एक सैनिक तो उसे जमीन पर पटक भी
liam_0043|देता है। उस समय बाकी के पांच लोग एक गुफा में थे और शुतुरमुर्ग के अंडों को एक जगह से दूसरी जगह ले|देता है। उस समय बाकी के पांच लोग एक गुफा में थे और शुतुरमुर्ग के अंडों को एक जगह से दूसरी जगह ले
liam_0044|जा रहे थे। वे इन अंडों के खाली खोलों को पानी रखने के|जा रहे थे। वे इन अंडों के खाली खोलों को पानी रखने के
liam_0045|लिए इस्तेमाल कर रहे थे। वे अंडों को पानी से भरकर रेत में दबा देते थे ताकि शिकार से लौटते|लिए इस्तेमाल कर रहे थे। वे अंडों को पानी से भरकर रेत में दबा देते थे ताकि शिकार से लौटते
liam_0046|समय उनके पास पानी हो। जल्द ही तीन लोग एक झाड़ी वाले इलाके में पहुंचते हैं, जहां कुछ सींगों वाले हिरण, हॉर्न्ड ऐन्टेलोप दिखते|समय उनके पास पानी हो। जल्द ही तीन लोग एक झाड़ी वाले इलाके में पहुंचते हैं, जहां कुछ सींगों वाले हिरण, हॉर्न्ड ऐन्टेलोप दिखते
liam_0047|हैं। वे योजना बनाते हैं। डॉक्टर और बेन हिरणों को डराकर ब्रायन की तरफ भगाएंगे और ब्रायन उन्हें गोली मारेगा। सब तय योजना|हैं। वे योजना बनाते हैं। डॉक्टर और बेन हिरणों को डराकर ब्रायन की तरफ भगाएंगे और ब्रायन उन्हें गोली मारेगा। सब तय योजना
liam_0048|के हिसाब से होता है। लेकिन जैसे ही ब्रायन गोली चलाने वाला होता है, बंदूक जाम हो जाती है। हिरण भागने ही वाले|के हिसाब से होता है। लेकिन जैसे ही ब्रायन गोली चलाने वाला होता है, बंदूक जाम हो जाती है। हिरण भागने ही वाले
liam_0049|थे कि बेन दौड़ पड़ता है और अपने हाथों से हिरण के बड़े बड़े सींगों को पकड़ लेता है। डॉक्टर को हिरण के|थे कि बेन दौड़ पड़ता है और अपने हाथों से हिरण के बड़े बड़े सींगों को पकड़ लेता है। डॉक्टर को हिरण के
liam_0050|नुकीले सींग से चोट लग जाती है। लेकिन भूख और|नुकीले सींग से चोट लग जाती है। लेकिन भूख और
liam_0051|जिंदा रहने की चाह ने उन्हें जानवरों जैसी ताकत दे दी थी। काफी मशक्कत के|जिंदा रहने की चाह ने उन्हें जानवरों जैसी ताकत दे दी थी। काफी मशक्कत के
liam_0052|बाद वे आखिरकार हिरण को मारने में कामयाब हो जाते हैं। रात को पांचों लोग|बाद वे आखिरकार हिरण को मारने में कामयाब हो जाते हैं। रात को पांचों लोग
liam_0053|पहली बार ठीक से खाना खाते हैं, लेकिन वह भी बहुत कम था। अगली सुबह ब्रायन और|पहली बार ठीक से खाना खाते हैं, लेकिन वह भी बहुत कम था। अगली सुबह ब्रायन और
liam_0054|डॉक्टर फिर से शिकार पर निकलते हैं। लेकिन रास्ते में ब्रायन|डॉक्टर फिर से शिकार पर निकलते हैं। लेकिन रास्ते में ब्रायन
liam_0055|अचानक डॉक्टर पर बंदूक तान देता है। वह कहता है, "इतने कम|अचानक डॉक्टर पर बंदूक तान देता है। वह कहता है, "इतने कम
liam_0056|संसाधनों में कोई एक तो बाहर जाना ही होगा, वरना सब|संसाधनों में कोई एक तो बाहर जाना ही होगा, वरना सब
liam_0057|मर जाएंगे। या तो|मर जाएंगे। या तो
liam_0058|डॉक्टर अकेला निकलकर मदद लाए या फिर वह उसे यहीं खत्म कर देगा।" डॉक्टर को|डॉक्टर अकेला निकलकर मदद लाए या फिर वह उसे यहीं खत्म कर देगा।" डॉक्टर को
liam_0059|मजबूरन अकेले ही मदद के लिए निकलना पड़ता है। ब्रायन पहले|मजबूरन अकेले ही मदद के लिए निकलना पड़ता है। ब्रायन पहले
liam_0060|से ही एक झूठी कहानी तैयार कर चुका होता है। जब वह|से ही एक झूठी कहानी तैयार कर चुका होता है। जब वह
liam_0061|वापस गुफा में लौटता है तो बाकियों को बताता है कि डॉक्टर का मानसिक संतुलन बिगड़ गया था और उसने उस पर पत्थर से हमला किया। इसलिए|वापस गुफा में लौटता है तो बाकियों को बताता है कि डॉक्टर का मानसिक संतुलन बिगड़ गया था और उसने उस पर पत्थर से हमला किया। इसलिए
liam_0062|वह अकेले भाग गया। बेन|वह अकेले भाग गया। बेन
liam_0063|को इस बात पर शक हो जाता|को इस बात पर शक हो जाता
liam_0064|है। अगले दिन जब ब्रायन एक और साथी के साथ बाहर जाता|है। अगले दिन जब ब्रायन एक और साथी के साथ बाहर जाता
liam_0065|है तो वह फिर से वही चाल चलता है। लेकिन इस बार साथी उसकी बंदूक छीन|है तो वह फिर से वही चाल चलता है। लेकिन इस बार साथी उसकी बंदूक छीन
liam_0066|लेता है। पर ब्रायन चालाक|लेता है। पर ब्रायन चालाक
liam_0067|था। उसने पहले से ही बंदूक में गोली|था। उसने पहले से ही बंदूक में गोली
liam_0068|नहीं डाली थी। वह अपनी ताकत से उसे फिर|नहीं डाली थी। वह अपनी ताकत से उसे फिर
liam_0069|से गिरा देता है और जिंदा|से गिरा देता है और जिंदा
liam_0070|रेत में दफना देता है। यह सब दूर|रेत में दफना देता है। यह सब दूर
liam_0071|खड़ा बेन देख रहा होता है। वह फौरन गुफा लौटकर यह बात|खड़ा बेन देख रहा होता है। वह फौरन गुफा लौटकर यह बात
liam_0072|ग्रेस को बता देता है।|ग्रेस को बता देता है।
liam_0073|दोनों मिलकर तय करते हैं ग्रेस बाहर ब्रायन को भटकाएगी और बेन गुफा में|दोनों मिलकर तय करते हैं ग्रेस बाहर ब्रायन को भटकाएगी और बेन गुफा में
liam_0074|छुपकर हमला करेगा। लेकिन जैसे ही ब्रायन गुफा के|छुपकर हमला करेगा। लेकिन जैसे ही ब्रायन गुफा के
liam_0075|पास आता है, ग्रेस गलती से बेन की|पास आता है, ग्रेस गलती से बेन की
liam_0076|जगह बता देती है। ब्रायन बंदूक लेकर|जगह बता देती है। ब्रायन बंदूक लेकर
liam_0077|गुफा में घुसता है। बेन जमीन से एक पत्थर उठाकर शोर करता है, जिससे ब्रायन पहली गोली बेकार चला|गुफा में घुसता है। बेन जमीन से एक पत्थर उठाकर शोर करता है, जिससे ब्रायन पहली गोली बेकार चला
liam_0078|देता है। फिर बेन उस पर कूद पड़ता है, लेकिन वह कमजोर होता है और ब्रायन उसे फिर से मारने की|देता है। फिर बेन उस पर कूद पड़ता है, लेकिन वह कमजोर होता है और ब्रायन उसे फिर से मारने की
liam_0079|कोशिश करता है। तभी बेन रेत से एक रिंच निकलता है और उससे ब्रायन को|कोशिश करता है। तभी बेन रेत से एक रिंच निकलता है और उससे ब्रायन को
liam_0080|बेहोश कर देता है। जब ब्रायन होश में आता है तो खुद को|बेहोश कर देता है। जब ब्रायन होश में आता है तो खुद को
liam_0081|एक गहरे गड्ढे में पाता है। बेन उसे वहीं छोड़ देता है|एक गहरे गड्ढे में पाता है। बेन उसे वहीं छोड़ देता है
liam_0082|ताकि वह अपने किए पर पछताए। लेकिन ब्रायन तो|ताकि वह अपने किए पर पछताए। लेकिन ब्रायन तो
liam_0083|अपनी हरकतों से बाज नहीं आता। उल्टा धमकी देता है कि वह बाहर आया|अपनी हरकतों से बाज नहीं आता। उल्टा धमकी देता है कि वह बाहर आया
liam_0084|तो सबका हाल बुरा करेगा। बेन समझ जाता है|तो सबका हाल बुरा करेगा। बेन समझ जाता है
liam_0085|कि ब्रायन अब भी खतरा है। रात को अचानक|कि ब्रायन अब भी खतरा है। रात को अचानक
liam_0086|जोर की बारिश शुरू हो जाती है। पानी|जोर की बारिश शुरू हो जाती है। पानी
liam_0087|लगातार गड्ढे में भरने लगता है। जब सबको ब्रायन की याद|लगातार गड्ढे में भरने लगता है। जब सबको ब्रायन की याद
liam_0088|आती है और वे देखने आते हैं, तब तक वह गड्ढा पूरी तरह पानी से भर|आती है और वे देखने आते हैं, तब तक वह गड्ढा पूरी तरह पानी से भर
liam_0089|चुका होता है और ब्रायन गायब था। सब|चुका होता है और ब्रायन गायब था। सब
liam_0090|समझ जाते हैं कि वह मरा नहीं है। वह कहीं आसपास|समझ जाते हैं कि वह मरा नहीं है। वह कहीं आसपास
liam_0091|छिपा हुआ है, एक टाइम बम की तरह।|छिपा हुआ है, एक टाइम बम की तरह।
liam_0092|तभी अचानक एक हेलीकॉप्टर वहां उतरता है। बेन और ग्रेस|तभी अचानक एक हेलीकॉप्टर वहां उतरता है। बेन और ग्रेस
liam_0093|उसे देखकर खुशी से चिल्लाने लगते हैं। हेलीकॉप्टर वाले|उसे देखकर खुशी से चिल्लाने लगते हैं। हेलीकॉप्टर वाले
liam_0094|उन्हें देख लेते हैं और बचा लेते हैं। वे ब्रायन को भी बुलाते|उन्हें देख लेते हैं और बचा लेते हैं। वे ब्रायन को भी बुलाते
liam_0095|हैं, लेकिन ब्रायन दूर से सब देखता रहता है। उसे पता था कि उसने जो|हैं, लेकिन ब्रायन दूर से सब देखता रहता है। उसे पता था कि उसने जो
liam_0096|कुछ किया है, उसके बाद उसका लौटना ठीक नहीं होगा। आखिरकार बेन और ग्रेस हेलीकॉप्टर में बैठकर वहां से चले जाते हैं और|कुछ किया है, उसके बाद उसका लौटना ठीक नहीं होगा। आखिरकार बेन और ग्रेस हेलीकॉप्टर में बैठकर वहां से चले जाते हैं और
liam_0097|ब्रायन फिर से रेत में छिप|ब्रायन फिर से रेत में छिप
liam_0098|जाता है। शायद किसी और मौके के|जाता है। शायद किसी और मौके के
liam_0099|इंतजार में। यह है एक विशाल नरभक्षी मछली जो इस|इंतजार में। यह है एक विशाल नरभक्षी मछली जो इस
liam_0100|वक्त लड़की की दोनों टांगों के बीच पड़ी है। लड़की ने अपनी नाजुक|वक्त लड़की की दोनों टांगों के बीच पड़ी है। लड़की ने अपनी नाजुक
liam_0101|उंगलियों से उसकी पेट पर हल्का सा दबाया और|उंगलियों से उसकी पेट पर हल्का सा दबाया और
liam_0102|अगले ही पल कुछ लोगों की रूहें कांप गई। तीन मिनट पहले दो लड़कियां|अगले ही पल कुछ लोगों की रूहें कांप गई। तीन मिनट पहले दो लड़कियां
liam_0103|नदी किनारे पानी से खेल रही थीं। अचानक पानी के नीचे|नदी किनारे पानी से खेल रही थीं। अचानक पानी के नीचे
liam_0104|से एक विशाल पिरान्हा गुजरी। जो बस जरा सा और होता तो लड़की|से एक विशाल पिरान्हा गुजरी। जो बस जरा सा और होता तो लड़की
liam_0105|के पैरों को चबा डालती। लड़की ने पानी में हलचल देखी, तभी उस मछली ने घाट के लकड़ी के तख्तों|के पैरों को चबा डालती। लड़की ने पानी में हलचल देखी, तभी उस मछली ने घाट के लकड़ी के तख्तों
liam_0106|पर जोर से टक्कर|पर जोर से टक्कर
liam_0107|मारी। दोनों को कुछ गड़बड़ लगी और|मारी। दोनों को कुछ गड़बड़ लगी और
liam_0108|जैसे ही वे उठकर भागना चाही, मछली ने एकदम से तख्तों को तोड़ दिया और|जैसे ही वे उठकर भागना चाही, मछली ने एकदम से तख्तों को तोड़ दिया और
liam_0109|बड़ी बहन को सीधे पानी|बड़ी बहन को सीधे पानी
liam_0110|में गिरा दिया। भीड़|में गिरा दिया। भीड़
liam_0111|में भगदड़ मच गई। पिरान्हा झुंड में आई, लेकिन छोटे जानवर जैसी ताकत लगाकर बहन ने बड़ी बहन को ऊपर|में भगदड़ मच गई। पिरान्हा झुंड में आई, लेकिन छोटे जानवर जैसी ताकत लगाकर बहन ने बड़ी बहन को ऊपर
liam_0112|खींच लिया। बाल बाल बची, लेकिन|खींच लिया। बाल बाल बची, लेकिन
liam_0113|तब असली हादसा हुआ।|तब असली हादसा हुआ।
liam_0114|लकड़ी का पुल टूट गया। लड़की के पैर|लकड़ी का पुल टूट गया। लड़की के पैर
liam_0115|तख्तों के बीच में फंस गए। वह|तख्तों के बीच में फंस गए। वह
liam_0116|संतुलन बनाने की कोशिश कर रही थी। तभी एक और पिरान्हा|संतुलन बनाने की कोशिश कर रही थी। तभी एक और पिरान्हा
liam_0117|पानी से छलांग लगाकर उस पर झपटी। लड़की एक तैरते तख्ते पर कूद|पानी से छलांग लगाकर उस पर झपटी। लड़की एक तैरते तख्ते पर कूद
liam_0118|गई और हाथों से उसे खेने|गई और हाथों से उसे खेने
liam_0119|लगी। तभी मछली ने फिर से हमला किया।|लगी। तभी मछली ने फिर से हमला किया।
liam_0120|बाल बाल बची। छोटी बहन ने चिल्लाकर उसे|बाल बाल बची। छोटी बहन ने चिल्लाकर उसे
liam_0121|कूदने को कहा।लड़की ने डर|कूदने को कहा।लड़की ने डर
liam_0122|पर काबू पाकर छलांग लगाई। बच गई लेकिन मछलियां पीछे|पर काबू पाकर छलांग लगाई। बच गई लेकिन मछलियां पीछे
liam_0123|पड़ी थी। मछलियां बार बार तख्ते को|पड़ी थी। मछलियां बार बार तख्ते को
liam_0124|टक्कर मार रही थी और एक झटके में दोनों पानी में जा गिरी। धमाका इतना|टक्कर मार रही थी और एक झटके में दोनों पानी में जा गिरी। धमाका इतना
liam_0125|जबरदस्त था कि हजारों पिरान्हा झील में इकट्ठा हो गई।|जबरदस्त था कि हजारों पिरान्हा झील में इकट्ठा हो गई।
liam_0126|मानो किसी ने उन्हें खाने का ऑर्डर दे दिया हो। सौभाग्य|मानो किसी ने उन्हें खाने का ऑर्डर दे दिया हो। सौभाग्य
liam_0127|से छोटी बहन एक समय की तैराकी चैंपियन|से छोटी बहन एक समय की तैराकी चैंपियन
liam_0128|थी। उसने बड़ी बहन को किनारे तक खींच|थी। उसने बड़ी बहन को किनारे तक खींच
liam_0129|ही लिया। जैसे ही दोनों को लगा कि अब जान बच गई, तभी एक दरिंदा जैसी पिरान्हा|ही लिया। जैसे ही दोनों को लगा कि अब जान बच गई, तभी एक दरिंदा जैसी पिरान्हा
liam_0130|झील से बाहर छलांग मारकर छोटी बहन पर झपटी। लेकिन छोटी बहन ने बिना सोचे एक अस्सी किलो का पत्थर उठाया और उस|झील से बाहर छलांग मारकर छोटी बहन पर झपटी। लेकिन छोटी बहन ने बिना सोचे एक अस्सी किलो का पत्थर उठाया और उस
liam_0131|मछली पर लगातार सत्तासी बार वार किया। आखिरकार पिरान्हा को|मछली पर लगातार सत्तासी बार वार किया। आखिरकार पिरान्हा को
liam_0132|नर्क रवाना कर दिया। तभी उनके दोस्त|नर्क रवाना कर दिया। तभी उनके दोस्त
liam_0133|मौके पर पहुंचे। एक जिज्ञासाू लड़की ने मरी हुई मछली को हल्का|मौके पर पहुंचे। एक जिज्ञासाू लड़की ने मरी हुई मछली को हल्का
liam_0134|सा छू लिया। अगले ही पल मछली ने जोर|सा छू लिया। अगले ही पल मछली ने जोर
liam_0135|का झटका दिया। सभी की|का झटका दिया। सभी की
liam_0136|सांसें अटक गई। लेकिन कहानी यहीं|सांसें अटक गई। लेकिन कहानी यहीं
liam_0137|खत्म नहीं होती। रात में छोटी|खत्म नहीं होती। रात में छोटी
liam_0138|बहन की दोस्त काली रोमांच|बहन की दोस्त काली रोमांच
liam_0139|चाहती थी। उसने अपने बॉयफ्रेंड को कार के पाइप से बांध दिया और|चाहती थी। उसने अपने बॉयफ्रेंड को कार के पाइप से बांध दिया और
liam_0140|चाबी छिपा दी। तभी कार का हैंडब्रेक गलती|चाबी छिपा दी। तभी कार का हैंडब्रेक गलती
liam_0141|से खुल गया और कार सीधे झील|से खुल गया और कार सीधे झील
liam_0142|में जा गिरी। काली ने चाबी खोजनी चाही लेकिन तब तक कार|में जा गिरी। काली ने चाबी खोजनी चाही लेकिन तब तक कार
liam_0143|डूब रही थी। झील के अंदर रहस्यमय परछाइयां तैरने लगी। सुबह|डूब रही थी। झील के अंदर रहस्यमय परछाइयां तैरने लगी। सुबह
liam_0144|पुलिस ने कार निकाली लेकिन उसमें कोई नहीं था। काली|पुलिस ने कार निकाली लेकिन उसमें कोई नहीं था। काली
liam_0145|झील में दफन हो चुकी थी।|झील में दफन हो चुकी थी।
liam_0146|तब लोगों ने एक बूढ़े प्रोफेसर को बुलाया और उन्हें बताया कि यह पिरान्हा यहीं की नहीं लगती क्योंकि|तब लोगों ने एक बूढ़े प्रोफेसर को बुलाया और उन्हें बताया कि यह पिरान्हा यहीं की नहीं लगती क्योंकि
liam_0147|पिछली घटना जिस झील में हुई थी, वह|पिछली घटना जिस झील में हुई थी, वह
liam_0148|यहां से हजारों मील दूर थी।|यहां से हजारों मील दूर थी।
liam_0149|प्रोफेसर ने अनुमान लगाया कि यह मछलियां भूमिगत सुरंगों के जरिए यहां तक आ गई है। प्रोफेसर ने|प्रोफेसर ने अनुमान लगाया कि यह मछलियां भूमिगत सुरंगों के जरिए यहां तक आ गई है। प्रोफेसर ने
liam_0150|एक मछली को मछलीघर में रखा। बीच में|एक मछली को मछलीघर में रखा। बीच में
liam_0151|एक स्टील की प्लेट डाली और दूसरी तरफ एक मेंढक को छोड़ा। सब|एक स्टील की प्लेट डाली और दूसरी तरफ एक मेंढक को छोड़ा। सब
liam_0152|हंसने लगे। भला मछली स्टील को कैसे|हंसने लगे। भला मछली स्टील को कैसे
liam_0153|तोड़ेगी? लेकिन अगले ही पल मछली ने जोरदार टक्कर मारी और स्टील में छेद हो गया।|तोड़ेगी? लेकिन अगले ही पल मछली ने जोरदार टक्कर मारी और स्टील में छेद हो गया।
liam_0154|मेंढक को खतरा हुआ। तभी एक लड़के ने बहादुरी दिखाते हुए हाथ डालकर उसे बचा लिया। प्रोफेसर|मेंढक को खतरा हुआ। तभी एक लड़के ने बहादुरी दिखाते हुए हाथ डालकर उसे बचा लिया। प्रोफेसर
liam_0155|बोले, यह मछलियां वो नहीं है जो तुम सोचते|बोले, यह मछलियां वो नहीं है जो तुम सोचते
liam_0156|हो। यह है एक नई|हो। यह है एक नई
liam_0157|प्रजाति का आतंक। एक आदमी गलती से मंगल ग्रह|प्रजाति का आतंक। एक आदमी गलती से मंगल ग्रह
liam_0158|पर गिर जाता है और हैरानी की बात यह कि वह सीधे एक पानी के तालाब|पर गिर जाता है और हैरानी की बात यह कि वह सीधे एक पानी के तालाब
liam_0159|के पास जाकर गिरता है। वह खुशी से झूम उठता है और|के पास जाकर गिरता है। वह खुशी से झूम उठता है और
liam_0160|झटपट पानी पीने लगता है। फिर अपनी बोतल निकाल कर उसे|झटपट पानी पीने लगता है। फिर अपनी बोतल निकाल कर उसे
liam_0161|भरने की कोशिश करता है। तभी उसे पता चलता है कि उस पानी|भरने की कोशिश करता है। तभी उसे पता चलता है कि उस पानी
liam_0162|में अजीब से पौधे उग रहे हैं। उसका साथी छोटा बंदर बड़े चाव से|में अजीब से पौधे उग रहे हैं। उसका साथी छोटा बंदर बड़े चाव से
liam_0163|उन्हीं पौधों को खा रहा होता है। आदमी उसकी नकल करता है। पौधों की एक लड़ी|उन्हीं पौधों को खा रहा होता है। आदमी उसकी नकल करता है। पौधों की एक लड़ी
liam_0164|तोड़ता है। उसका छिलका हटाता है। अंदर का फल देखने में बिल्कुल सॉसेज जैसा लगता|तोड़ता है। उसका छिलका हटाता है। अंदर का फल देखने में बिल्कुल सॉसेज जैसा लगता
liam_0165|है और स्वाद भी वैसा ही होता है। खाने की स्थिरता बनाए रखने के लिए वह आदमी तालाब में उन पौधों की खेती करने लगता है|है और स्वाद भी वैसा ही होता है। खाने की स्थिरता बनाए रखने के लिए वह आदमी तालाब में उन पौधों की खेती करने लगता है
liam_0166|और खुद भी आराम से वहीं नहाने लगता है। रात|और खुद भी आराम से वहीं नहाने लगता है। रात
liam_0167|को वह सॉसेज से एक खिचड़ी|को वह सॉसेज से एक खिचड़ी
liam_0168|जैसा कुछ बनाता है, जो|जैसा कुछ बनाता है, जो
liam_0169|देखने में बिल्कुल अजीब लगता|देखने में बिल्कुल अजीब लगता
liam_0170|है और खाकर तो और भी अजीब। वह तुरंत बेहोश हो जाता है। जब उसकी|है और खाकर तो और भी अजीब। वह तुरंत बेहोश हो जाता है। जब उसकी
liam_0171|आंख खुलती है तो देखता है कोई शख्स पत्थर पर कुछ खटखटा रहा है। वह दौड़कर पत्थर हटाता|आंख खुलती है तो देखता है कोई शख्स पत्थर पर कुछ खटखटा रहा है। वह दौड़कर पत्थर हटाता
liam_0172|है तो पाता है कि वह उसका|है तो पाता है कि वह उसका
liam_0173|वही साथी है जो क्रैश के वक्त मर गया था। आदमी|वही साथी है जो क्रैश के वक्त मर गया था। आदमी
liam_0174|उससे लगातार बातें करता है, लेकिन वह लकड़ी के पुतले जैसा एकदम चुप रहता है। तभी उसके खुद के बनाए अलार्म की आवाज|उससे लगातार बातें करता है, लेकिन वह लकड़ी के पुतले जैसा एकदम चुप रहता है। तभी उसके खुद के बनाए अलार्म की आवाज
liam_0175|आती है और उसे समझ आता है कि यह सब उस अजीब खिचड़ी का नशा था। दूसरे दिन वह ऑक्सीजन|आती है और उसे समझ आता है कि यह सब उस अजीब खिचड़ी का नशा था। दूसरे दिन वह ऑक्सीजन
liam_0176|सिलिंडर और बंदर को लेकर मंगल ग्रह की|सिलिंडर और बंदर को लेकर मंगल ग्रह की
liam_0177|सभ्यता की खोज में निकलता है और उसे इंसानी|सभ्यता की खोज में निकलता है और उसे इंसानी
liam_0178|हाथ की हड्डी मिलती है, जिस पर|हाथ की हड्डी मिलती है, जिस पर
liam_0179|एक अजीब सा ब्रेसलेट बंधा होता है। क्या मंगल पर इंसानी सभ्यता थी?|एक अजीब सा ब्रेसलेट बंधा होता है। क्या मंगल पर इंसानी सभ्यता थी?
liam_0180|रात को उसकी स्पेसशिप की डिटेक्शन मशीन कुछ सिग्नल|रात को उसकी स्पेसशिप की डिटेक्शन मशीन कुछ सिग्नल
liam_0181|पकड़ती है। वह देखता है कि दूर एक यूएफओ घूम रहा|पकड़ती है। वह देखता है कि दूर एक यूएफओ घूम रहा
liam_0182|है। वह तुरंत मदद की उम्मीद में अपने उपकरण लेकर निकलता|है। वह तुरंत मदद की उम्मीद में अपने उपकरण लेकर निकलता
liam_0183|है। लेकिन वह यूएफओ बिना भेदभाव के हमला कर देता है। आदमी तुरंत|है। लेकिन वह यूएफओ बिना भेदभाव के हमला कर देता है। आदमी तुरंत
liam_0184|छिप जाता है और चोरी छिपे कैमरे से वीडियो बनाता है। तभी उसके पीछे एक जोड़ी टांगे दिखाई देती|छिप जाता है और चोरी छिपे कैमरे से वीडियो बनाता है। तभी उसके पीछे एक जोड़ी टांगे दिखाई देती
liam_0185|हैं। एक काले रंग का मंगलवासी खड़ा होता है। यूएफओ का|हैं। एक काले रंग का मंगलवासी खड़ा होता है। यूएफओ का
liam_0186|हमला उस मंगलवासी के बहुत करीब होता है। आदमी उसे बचाने जाता है। तभी उसकी नजर पड़ती है कि उस मंगलवासी के हाथ में|हमला उस मंगलवासी के बहुत करीब होता है। आदमी उसे बचाने जाता है। तभी उसकी नजर पड़ती है कि उस मंगलवासी के हाथ में
liam_0187|वही ब्रेसलेट है जो उस इंसानी|वही ब्रेसलेट है जो उस इंसानी
liam_0188|कंकाल पर था। वह उसे साथ लेकर भागता है। लेकिन भाषा की समस्या|कंकाल पर था। वह उसे साथ लेकर भागता है। लेकिन भाषा की समस्या
liam_0189|के कारण दोनों की बातचीत नहीं हो पाती। आखिरकार वह एक वीडियो रिकॉर्डिंग देखते हैं, जिससे पता चलता है कि मंगलवासियों को एलियंस ने गुलाम बना रखा था और यह ब्रेसलेट असल|के कारण दोनों की बातचीत नहीं हो पाती। आखिरकार वह एक वीडियो रिकॉर्डिंग देखते हैं, जिससे पता चलता है कि मंगलवासियों को एलियंस ने गुलाम बना रखा था और यह ब्रेसलेट असल
liam_0190|में एक स्लेवरी लॉक था। आदमी बाहर जाकर देखता है कि कुछ यूएफओ आसमान में उड़ते हुए पास की जगह पर बमबारी कर रहे|में एक स्लेवरी लॉक था। आदमी बाहर जाकर देखता है कि कुछ यूएफओ आसमान में उड़ते हुए पास की जगह पर बमबारी कर रहे
liam_0191|हैं और फिर दूर चले|हैं और फिर दूर चले
liam_0192|जाते हैं। खतरा फिलहाल टल गया|जाते हैं। खतरा फिलहाल टल गया
liam_0193|है। आदमी गुफा का मुंह बंद करता है, लेकिन मंगलवासी अचानक उसके सामने घुटनों के|है। आदमी गुफा का मुंह बंद करता है, लेकिन मंगलवासी अचानक उसके सामने घुटनों के
liam_0194|बल बैठकर कुछ मांगने लगता|बल बैठकर कुछ मांगने लगता
liam_0195|है। लेकिन आदमी कुछ नहीं समझता। मंगलवासी|है। लेकिन आदमी कुछ नहीं समझता। मंगलवासी
liam_0196|बहुत मेहनती होता है। सारा घर का काम संभाल लेता है और आदमी राजा|बहुत मेहनती होता है। सारा घर का काम संभाल लेता है और आदमी राजा
liam_0197|जैसे जिंदगी जीने लगता है। दोनों की|जैसे जिंदगी जीने लगता है। दोनों की
liam_0198|दोस्ती भी गहरी हो जाती है। एक दिन|दोस्ती भी गहरी हो जाती है। एक दिन
liam_0199|मंगलवासी उसे एक जगह ले जाता है। वह खदान|मंगलवासी उसे एक जगह ले जाता है। वह खदान
liam_0200|जहां अब सब मंगलवासी मारे जा|जहां अब सब मंगलवासी मारे जा
liam_0201|चुके थे। मंगलवासी बहुत दुखी होता|चुके थे। मंगलवासी बहुत दुखी होता
liam_0202|है। आदमी उसे समझा रहा होता है। तभी एक लाल रंग का छोटा ग्रह|है। आदमी उसे समझा रहा होता है। तभी एक लाल रंग का छोटा ग्रह
liam_0203|तेजी से उनके ऊपर आकर फट जाता है। आदमी|तेजी से उनके ऊपर आकर फट जाता है। आदमी
liam_0204|मंगलवासी को लेकर तुरंत छिप जाता है। ग्रह के|मंगलवासी को लेकर तुरंत छिप जाता है। ग्रह के
liam_0205|फटने से काले धुएं का गुब्बारा उड़ता है।|फटने से काले धुएं का गुब्बारा उड़ता है।
liam_0206|मंगलवासी इससे जल्दी एडजस्ट कर लेता है, लेकिन|मंगलवासी इससे जल्दी एडजस्ट कर लेता है, लेकिन
liam_0207|आदमी जल्द ही दबकर बेहोश हो जाता है। मंगलवासी उसे|आदमी जल्द ही दबकर बेहोश हो जाता है। मंगलवासी उसे
liam_0208|निकाल कर अपने शरीर से ढक लेता है और फिर एक दवा की|निकाल कर अपने शरीर से ढक लेता है और फिर एक दवा की
liam_0209|गोली खिलाकर उसे सुरक्षित जगह ले जाता है। आदमी होश में आता है और|गोली खिलाकर उसे सुरक्षित जगह ले जाता है। आदमी होश में आता है और
liam_0210|पाता है कि अब उसे|पाता है कि अब उसे
liam_0211|ऑक्सीजन की जरूरत नहीं है। सब उस गोली की वजह|ऑक्सीजन की जरूरत नहीं है। सब उस गोली की वजह
liam_0212|से। इसके बाद दोनों की दोस्ती|से। इसके बाद दोनों की दोस्ती
liam_0213|और मजबूत हो जाती है। आदमी अब|और मजबूत हो जाती है। आदमी अब
liam_0214|सिर्फ मजे नहीं करता बल्कि मंगलवासी के साथ|सिर्फ मजे नहीं करता बल्कि मंगलवासी के साथ
liam_0215|काम भी करता है। लेकिन वह ब्रेसलेट अभी भी खतरा|काम भी करता है। लेकिन वह ब्रेसलेट अभी भी खतरा
liam_0216|बना हुआ है। आदमी उसे पतली स्टील वायर से काटने|बना हुआ है। आदमी उसे पतली स्टील वायर से काटने
liam_0217|की कोशिश करता है पर आधे में|की कोशिश करता है पर आधे में
liam_0218|ही यूएफओ फिर से हमला कर देते हैं। दोनों तुरंत सामान उठाकर भागते हैं।|ही यूएफओ फिर से हमला कर देते हैं। दोनों तुरंत सामान उठाकर भागते हैं।
liam_0219|वह एक चट्टान के किनारे छिप जाते हैं, लेकिन वहां से कोई रास्ता नहीं होता। मंगलवासी|वह एक चट्टान के किनारे छिप जाते हैं, लेकिन वहां से कोई रास्ता नहीं होता। मंगलवासी
liam_0220|सामने की चट्टान पर चढ़ता है|सामने की चट्टान पर चढ़ता है
liam_0221|और आदमी को भी ऊपर खींच लेता है। दोनों|और आदमी को भी ऊपर खींच लेता है। दोनों
liam_0222|धीरे धीरे आगे बढ़ते हैं।|धीरे धीरे आगे बढ़ते हैं।
liam_0223|यूएफओ उन्हें नहीं ढूंढ पाते और चले जाते हैं। उन्हें एक गुफा मिलती है। मंगलवासी|यूएफओ उन्हें नहीं ढूंढ पाते और चले जाते हैं। उन्हें एक गुफा मिलती है। मंगलवासी
liam_0224|एक और गोली आदमी को|एक और गोली आदमी को
liam_0225|देता है ताकि उसे ऑक्सीजन न लेनी पड़े। अपनी गोली वह छिपा लेता है। आदमी समय का|देता है ताकि उसे ऑक्सीजन न लेनी पड़े। अपनी गोली वह छिपा लेता है। आदमी समय का
liam_0226|फायदा उठाकर ब्रेसलेट काटता है और एक हाथ आजाद कर देता है।|फायदा उठाकर ब्रेसलेट काटता है और एक हाथ आजाद कर देता है।
liam_0227|यूएफओ उन्हें खोजते रहते हैं तो दोनों आगे|यूएफओ उन्हें खोजते रहते हैं तो दोनों आगे
liam_0228|बढ़ते हैं। लेकिन तभी ज्वालामुखी फटता है। लावा बहने लगताता है|बढ़ते हैं। लेकिन तभी ज्वालामुखी फटता है। लावा बहने लगताता है
liam_0229|और उनका पानी भी खत्म हो|और उनका पानी भी खत्म हो
liam_0230|जाता है। उन्हें सतह पर जाना|जाता है। उन्हें सतह पर जाना
liam_0231|पड़ता है पर बहुत देर तक पानी|पड़ता है पर बहुत देर तक पानी
liam_0232|नहीं मिलता। आदमी की हालत खराब होने लगती है। मंगलवासी फिर अपनी गोली|नहीं मिलता। आदमी की हालत खराब होने लगती है। मंगलवासी फिर अपनी गोली
liam_0233|उसे दे देता है और अपनी छिपा लेता है। लगातार गोली न|उसे दे देता है और अपनी छिपा लेता है। लगातार गोली न
liam_0234|लेने से अब उसकी हालत|लेने से अब उसकी हालत
liam_0235|भी खराब हो रही थी। आदमी को शक होता है। वह|भी खराब हो रही थी। आदमी को शक होता है। वह
liam_0236|उसका पोटली खोलता है और सच्चाई समझ जाता|उसका पोटली खोलता है और सच्चाई समझ जाता
liam_0237|है। मंगलवासी ने सारी गोलियां उसे दे|है। मंगलवासी ने सारी गोलियां उसे दे
liam_0238|दी थी। वह तुरंत उसे|दी थी। वह तुरंत उसे
liam_0239|अपनी गोली खिलाता है। फिर उन्हें एक|अपनी गोली खिलाता है। फिर उन्हें एक
liam_0240|झील मिलती है। लेकिन खुशी ज्यादा देर|झील मिलती है। लेकिन खुशी ज्यादा देर
liam_0241|नहीं टिकती। अचानक बहुत ठंडा मौसम आ जाता है। दोनों|नहीं टिकती। अचानक बहुत ठंडा मौसम आ जाता है। दोनों
liam_0242|बर्फ से एक छोटा गुफानुमा घर बनाते हैं। आदमी इस|बर्फ से एक छोटा गुफानुमा घर बनाते हैं। आदमी इस
liam_0243|मौके पर दूसरा ब्रेसलेट भी काट देता है। पर तभी फिर ज्वालामुखी|मौके पर दूसरा ब्रेसलेट भी काट देता है। पर तभी फिर ज्वालामुखी
liam_0244|फटता है और इससे हिमस्खलन|फटता है और इससे हिमस्खलन
liam_0245|हो जाता है। दोनों बर्फ में दब जाते हैं। मंगलवासी उठता है|हो जाता है। दोनों बर्फ में दब जाते हैं। मंगलवासी उठता है
liam_0246|और आदमी को बर्फ से|और आदमी को बर्फ से
liam_0247|बाहर निकालता है। वह बहुत कमजोर होता है।|बाहर निकालता है। वह बहुत कमजोर होता है।
liam_0248|उसे गोली देने ही|उसे गोली देने ही
liam_0249|वाला होता है किकि देखता है बर्फ पिघल रही|वाला होता है किकि देखता है बर्फ पिघल रही
liam_0250|है। ज्वालामुखी की गर्मी से तापमान बढ़ रहा था। आदमी तुरंत|है। ज्वालामुखी की गर्मी से तापमान बढ़ रहा था। आदमी तुरंत
liam_0251|अपना उपकरण निकालता है और सिग्नल भेजता है। उसे|अपना उपकरण निकालता है और सिग्नल भेजता है। उसे
liam_0252|पृथ्वी की एक स्पेसशिप का जवाब मिल जाता है।|पृथ्वी की एक स्पेसशिप का जवाब मिल जाता है।
liam_0253|स्पेसशिप तुरंत बचाव के लिए रवाना हो जाती है। लगता है अब आदमी मंगलवासी को लेकर पृथ्वी की सैर पर निकल सकता है।|स्पेसशिप तुरंत बचाव के लिए रवाना हो जाती है। लगता है अब आदमी मंगलवासी को लेकर पृथ्वी की सैर पर निकल सकता है।
liam_0254|एक फायरफाइटर माचिस जलाता है। अगर आग बीच में ही बुझ जाए तो माना जाता है कि इस|एक फायरफाइटर माचिस जलाता है। अगर आग बीच में ही बुझ जाए तो माना जाता है कि इस
liam_0255|बार आग बुझाने में|बार आग बुझाने में
liam_0256|कोई मरेगा नहीं। पर|कोई मरेगा नहीं। पर
liam_0257|इस बार ऐसा नहीं हुआ। आग जलती|इस बार ऐसा नहीं हुआ। आग जलती
liam_0258|रही। यहां तक कि उसकी उंगलियां जलने|रही। यहां तक कि उसकी उंगलियां जलने
liam_0259|लगी। सब फायरफाइटर का चेहरा उतर गया। इसका मतलब था कि मौसम और हवा दोनों|लगी। सब फायरफाइटर का चेहरा उतर गया। इसका मतलब था कि मौसम और हवा दोनों
liam_0260|आग के लिए बहुत खतरनाक हैं। टीम का|आग के लिए बहुत खतरनाक हैं। टीम का
liam_0261|लीडर तुरंत ऊपर चढ़कर देखने गया। जो उसने|लीडर तुरंत ऊपर चढ़कर देखने गया। जो उसने
liam_0262|देखा वह बहुत डरावना था। जंगल की भयानक आग सीधा गांव|देखा वह बहुत डरावना था। जंगल की भयानक आग सीधा गांव
liam_0263|की तरफ बढ़ रही थी। अंदाजा था कि १०-१५ मिनट में पूरा|की तरफ बढ़ रही थी। अंदाजा था कि १०-१५ मिनट में पूरा
liam_0264|गांव जल जाएगा। अब एक|गांव जल जाएगा। अब एक
liam_0265|ही रास्ता था सब लोगों को गांव से|ही रास्ता था सब लोगों को गांव से
liam_0266|तुरंत बाहर निकालना। लेकिन कुछ गांव वाले घर छोड़ने|तुरंत बाहर निकालना। लेकिन कुछ गांव वाले घर छोड़ने
liam_0267|को तैयार ही नहीं थे। एक आदमी पानी के|को तैयार ही नहीं थे। एक आदमी पानी के
liam_0268|पाइप से अपना घर भिगो रहा था। सोच रहा|पाइप से अपना घर भिगो रहा था। सोच रहा
liam_0269|था कि घर के|था कि घर के
liam_0270|अंदर रहकर बच जाएगा।|अंदर रहकर बच जाएगा।
liam_0271|लीडर ने उससे कहा, "पागलपन मत|लीडर ने उससे कहा, "पागलपन मत
liam_0272|करो। यह घर तीन मिनट|करो। यह घर तीन मिनट
liam_0273|भी नहीं टिकेगा। आग इसे राख बना देगी।" लीडर|भी नहीं टिकेगा। आग इसे राख बना देगी।" लीडर
liam_0274|उसके दो बच्चों को उठाकर ले|उसके दो बच्चों को उठाकर ले
liam_0275|गया और उस आदमी को वहीं छोड़ दिया। जब|गया और उस आदमी को वहीं छोड़ दिया। जब
liam_0276|गांव वाले गाड़ियों में बैठकर निकलने लगे तब ऊपर से रेस्क्यू हेलीकॉप्टर ने देखा कि गांव से बाहर जाने वाली इकलौती सड़क भी|गांव वाले गाड़ियों में बैठकर निकलने लगे तब ऊपर से रेस्क्यू हेलीकॉप्टर ने देखा कि गांव से बाहर जाने वाली इकलौती सड़क भी
liam_0277|आग से बंद हो चुकी है। अब|आग से बंद हो चुकी है। अब
liam_0278|गाड़ी से भागना नामुमकिन था।|गाड़ी से भागना नामुमकिन था।
liam_0279|लीडर ने फैसला लिया, पहले औरतों और बच्चों को हेलीकॉप्टर से|लीडर ने फैसला लिया, पहले औरतों और बच्चों को हेलीकॉप्टर से
liam_0280|निकाला जाएगा। पर हेलीकॉप्टर पुराना|निकाला जाएगा। पर हेलीकॉप्टर पुराना
liam_0281|था। सीधी उड़ान नहीं भर पा|था। सीधी उड़ान नहीं भर पा
liam_0282|रहा था इसलिए नीचे रस्सी लटका दी|रहा था इसलिए नीचे रस्सी लटका दी
liam_0283|गई। बच्चों को सुरक्षित रखने के लिए लीडर ने एक खतरनाक प्लान बनाया।|गई। बच्चों को सुरक्षित रखने के लिए लीडर ने एक खतरनाक प्लान बनाया।
liam_0284|रस्सी को एक पिकअप गाड़ी के चारों पहियों से बांध दिया और औरतों को बच्चों के साथ गाड़ी में बैठा|रस्सी को एक पिकअप गाड़ी के चारों पहियों से बांध दिया और औरतों को बच्चों के साथ गाड़ी में बैठा
liam_0285|दिया। एक मां|दिया। एक मां
liam_0286|डर गई। वह किसी भी हालत में अपने बच्चे को उस गाड़ी में बैठाने को|डर गई। वह किसी भी हालत में अपने बच्चे को उस गाड़ी में बैठाने को
liam_0287|तैयार नहीं थी। लीडर ने उसे|तैयार नहीं थी। लीडर ने उसे
liam_0288|समझाया, "अगर आज मेरी अपनी बेटी भी|समझाया, "अगर आज मेरी अपनी बेटी भी
liam_0289|होती तो मैं उसे भी इसी गाड़ी|होती तो मैं उसे भी इसी गाड़ी
liam_0290|में बैठाता क्योंकि जिंदा बचने का यही|में बैठाता क्योंकि जिंदा बचने का यही
liam_0291|एक रास्ता है।" सबको बैठाने के बाद हेलीकॉप्टर धीरे धीरे ऊपर उठा।|एक रास्ता है।" सबको बैठाने के बाद हेलीकॉप्टर धीरे धीरे ऊपर उठा।
liam_0292|पर ज्यादा वजन होने की वजह से बार बार फेल हो रहा|पर ज्यादा वजन होने की वजह से बार बार फेल हो रहा
liam_0293|था। वजन कम करना जरूरी था।|था। वजन कम करना जरूरी था।
liam_0294|आग अब बहुत करीब आ चुकी|आग अब बहुत करीब आ चुकी
liam_0295|थी। अगर अब भी हेलीकॉप्टर नहीं उड़ा तो सब लोग यहीं जल|थी। अगर अब भी हेलीकॉप्टर नहीं उड़ा तो सब लोग यहीं जल
liam_0296|जाएंगे। तभी एक बुजुर्ग औरत आगे|जाएंगे। तभी एक बुजुर्ग औरत आगे
liam_0297|आई। उसके बाद गाड़ी में बैठी बाकी औरतें भी नीचे|आई। उसके बाद गाड़ी में बैठी बाकी औरतें भी नीचे
liam_0298|उतर आई। बच्चों को बचाने के लिए फायरफाइटर ने उन्हें रस्सी से गाड़ी में कसकर|उतर आई। बच्चों को बचाने के लिए फायरफाइटर ने उन्हें रस्सी से गाड़ी में कसकर
liam_0299|बांध दिया। फिर इवान ने|बांध दिया। फिर इवान ने
liam_0300|मैक्स से कहा, "गाड़ी चलाओ" ताकि वह हेलीकॉप्टर के लिए|मैक्स से कहा, "गाड़ी चलाओ" ताकि वह हेलीकॉप्टर के लिए
liam_0301|सपोर्ट बन सके। जैसे ही हेलीकॉप्टर और गाड़ी एक|सपोर्ट बन सके। जैसे ही हेलीकॉप्टर और गाड़ी एक
liam_0302|साथ चले, इस बार हेलीकॉप्टर सच में|साथ चले, इस बार हेलीकॉप्टर सच में
liam_0303|उड़ गया। बच्चों को सुरक्षित जाते देख इवान बाकी लोगों को लेकर चार किलोमीटर दूर नदी की तरफ चल|उड़ गया। बच्चों को सुरक्षित जाते देख इवान बाकी लोगों को लेकर चार किलोमीटर दूर नदी की तरफ चल
liam_0304|पड़ा। जब सब मुश्किल से पहाड़ी पर पहुंचे तो शाम हो चुकी|पड़ा। जब सब मुश्किल से पहाड़ी पर पहुंचे तो शाम हो चुकी
liam_0305|थी। पीछे मुड़कर देखा तो पूरा गांव आग के समंदर में डूब चुका था।|थी। पीछे मुड़कर देखा तो पूरा गांव आग के समंदर में डूब चुका था।
